{"cameraMode":{"drawMode":0,"name":"Shaded","section":"Shading Mode"},"sceneLighting":false,"audioPlay":false,"sceneViewState":{"m_AlwaysRefresh":false,"showFog":true,"showSkybox":false,"showFlares":true,"showImageEffects":true,"showParticleSystems":true,"showVisualEffectGraphs":true,"m_FxEnabled":true},"in2DMode":false,"pivot":{"x":0.12266957759857178,"y":1.2955929040908814,"z":0.15209007263183595},"rotation":{"x":0.009351525455713272,"y":0.9866446852684021,"z":-0.1509436070919037,"w":0.06105160340666771},"size":2.6005196571350099,"orthographic":false}